,dwt_type,random_seed,num_estimators,accuracy,recall,precision,f1_score,matthews_corr_coef
0,db4,1,15,0.9890992541594952,0.8888888888888888,0.898876404494382,0.8938547486033519,0.8881249492643448
1,db4,21,15,0.9925415949512335,0.8924731182795699,0.9651162790697675,0.9273743016759777,0.9242350745257604
2,db4,41,15,0.9925415949512335,0.9035087719298246,0.9809523809523809,0.9406392694063928,0.9375689016434694
3,db4,61,15,0.9925415949512335,0.9183673469387755,0.9473684210526315,0.9326424870466321,0.9288214818497434
4,db4,81,15,0.9931153184165232,0.941747572815534,0.941747572815534,0.941747572815534,0.9380890362301681
5,db4,101,15,0.9862306368330465,0.8431372549019608,0.9148936170212766,0.8775510204081632,0.8710839134954879
6,db4,121,15,0.9908204245553643,0.8943089430894309,0.9734513274336283,0.9322033898305085,0.9282487727976755
7,db4,141,15,0.9925415949512335,0.9478260869565217,0.9396551724137931,0.9437229437229439,0.9397392679482006
8,db4,161,15,0.9890992541594952,0.8556701030927835,0.9431818181818182,0.8972972972972973,0.8927344569242978
9,db4,181,15,0.985083189902467,0.8448275862068966,0.9245283018867925,0.8828828828828829,0.8759484346054028
10,db4,201,15,0.9873780837636259,0.88,0.8979591836734694,0.888888888888889,0.8822492079646226
11,db4,221,15,0.9879518072289156,0.8666666666666667,0.9541284403669725,0.9082969432314412,0.9030591073988866
12,db4,241,15,0.9873780837636259,0.8611111111111112,0.93,0.8942307692307692,0.8882731189699754
13,db4,261,15,0.9868043602983362,0.8440366972477065,0.9387755102040817,0.888888888888889,0.8833058387208401
14,db4,281,15,0.9879518072289156,0.8913043478260869,0.8817204301075269,0.8864864864864864,0.8801393140326534
15,db4,301,15,0.9885255306942053,0.9009009009009009,0.9174311926605505,0.9090909090909092,0.9030102619263676
16,db4,321,15,0.9908204245553643,0.912621359223301,0.9306930693069307,0.9215686274509804,0.9167437541765291
17,db4,341,15,0.9856569133677567,0.8461538461538461,0.9339622641509434,0.8878923766816144,0.8814750576319524
18,db4,361,15,0.9885255306942053,0.8586956521739131,0.9186046511627907,0.8876404494382023,0.8821583948034295
19,db4,381,15,0.9885255306942053,0.9056603773584906,0.9056603773584906,0.9056603773584906,0.8995516418667373
20,db4,401,15,0.9925415949512335,0.9090909090909091,0.970873786407767,0.9389671361502346,0.9355730309110647
21,db4,421,15,0.993689041881813,0.9368421052631579,0.9468085106382979,0.9417989417989417,0.938477359671254
22,db4,441,15,0.9908204245553643,0.908256880733945,0.9428571428571428,0.9252336448598131,0.9205280264169095
23,db4,461,15,0.9931153184165232,0.9174311926605505,0.970873786407767,0.9433962264150944,0.9401610382960852
24,db4,481,15,0.9890992541594952,0.9259259259259259,0.9009009009009009,0.91324200913242,0.9075243913142161
25,db4,501,15,0.9862306368330465,0.8888888888888888,0.8888888888888888,0.8888888888888888,0.8815494393476044
26,db4,521,15,0.9879518072289156,0.8666666666666667,0.9285714285714286,0.896551724137931,0.890760424871898
27,db4,541,15,0.9896729776247849,0.9099099099099099,0.926605504587156,0.9181818181818182,0.9127139436948996
28,db4,561,15,0.985083189902467,0.8738738738738738,0.8899082568807339,0.8818181818181818,0.8738992166207716
29,db4,581,15,0.9868043602983362,0.8936170212765957,0.865979381443299,0.8795811518324608,0.8727231996431969
30,db4,601,15,0.9902467010900746,0.845360824742268,0.9761904761904762,0.9060773480662984,0.9035566548004684
31,db4,621,15,0.9879518072289156,0.8627450980392157,0.9263157894736842,0.8934010152284264,0.8876542803909991
32,db4,641,15,0.9873780837636259,0.8653846153846154,0.9183673469387755,0.8910891089108911,0.8848361229669299
33,db4,661,15,0.9896729776247849,0.9333333333333333,0.8990825688073395,0.9158878504672897,0.9105692378099487
34,db4,681,15,0.9879518072289156,0.8627450980392157,0.9263157894736842,0.8934010152284264,0.8876542803909991
35,db4,701,15,0.9885255306942053,0.8817204301075269,0.9010989010989011,0.8913043478260869,0.8853064585389537
36,db4,721,15,0.9879518072289156,0.8924731182795699,0.8829787234042553,0.8877005347593583,0.8813492328556608
37,db4,741,15,0.985083189902467,0.8584070796460177,0.9065420560747663,0.8818181818181818,0.8742341400691328
38,db4,761,15,0.9885255306942053,0.8571428571428571,0.9176470588235294,0.8863636363636362,0.8808966163729216
39,db4,781,15,0.9931153184165232,0.9292929292929293,0.9484536082474226,0.9387755102040816,0.9351831581046036
40,db4,801,15,0.9862306368330465,0.8484848484848485,0.9032258064516129,0.875,0.8681964143204979
41,db4,821,15,0.9908204245553643,0.8867924528301887,0.9591836734693877,0.9215686274509803,0.9174976321261851
42,db4,841,15,0.9873780837636259,0.8899082568807339,0.9065420560747663,0.8981481481481481,0.8914643644592719
43,db4,861,15,0.9885255306942053,0.8818181818181818,0.9326923076923077,0.9065420560747663,0.9008366550573039
44,db4,881,15,0.9862306368330465,0.839622641509434,0.9270833333333334,0.8811881188118813,0.8751077447853812
45,db4,901,15,0.9919678714859438,0.898876404494382,0.9411764705882353,0.9195402298850575,0.9155835700400917
46,db4,921,15,0.9908204245553643,0.883495145631068,0.9578947368421052,0.9191919191919192,0.9151740622447754
47,db4,941,15,0.9873780837636259,0.8846153846153846,0.9019607843137255,0.8932038834951457,0.88654443482858
48,db4,961,15,0.9925415949512335,0.9032258064516129,0.9545454545454546,0.9281767955801105,0.924639075322136
49,db4,981,15,0.9833620195065979,0.8482142857142857,0.8878504672897196,0.8675799086757991,0.8589631104519018
50,db4,1001,15,0.9908204245553643,0.88,0.9565217391304348,0.9166666666666666,0.9127058573939701
51,db4,1021,15,0.9931153184165232,0.923728813559322,0.9732142857142857,0.9478260869565216,0.9445116968078426
52,db4,1041,15,0.9885255306942053,0.8942307692307693,0.9117647058823529,0.9029126213592232,0.8968634170514225
53,db4,1061,15,0.9879518072289156,0.8846153846153846,0.9108910891089109,0.8975609756097561,0.8912696827783869
54,db4,1081,15,0.9879518072289156,0.868421052631579,0.9428571428571428,0.904109589041096,0.8985573869993245
55,db4,1101,15,0.9833620195065979,0.7916666666666666,0.8941176470588236,0.839779005524862,0.8327505669688151
56,db4,1121,15,0.985083189902467,0.8378378378378378,0.9207920792079208,0.8773584905660378,0.8705342693519651
57,db4,1141,15,0.9896729776247849,0.908256880733945,0.9252336448598131,0.9166666666666666,0.9112069745839481
58,db4,1161,15,0.9896729776247849,0.8673469387755102,0.9444444444444444,0.9042553191489361,0.899718294720106
59,db4,1181,15,0.9873780837636259,0.8918918918918919,0.908256880733945,0.9,0.8933065801578356
60,db4,1201,15,0.9908204245553643,0.8918918918918919,0.9611650485436893,0.9252336448598131,0.9210816536268107
61,db4,1221,15,0.9885255306942053,0.9279279279279279,0.8956521739130435,0.911504424778761,0.9055336979512729
62,db4,1241,15,0.9862306368330465,0.8648648648648649,0.9142857142857143,0.888888888888889,0.8819422129462217
63,db4,1261,15,0.9890992541594952,0.9369369369369369,0.896551724137931,0.9162995594713657,0.9107253673249616
64,db4,1281,15,0.9856569133677567,0.8584905660377359,0.900990099009901,0.8792270531400966,0.8718950112077043
65,db4,1301,15,0.9868043602983362,0.8671875,0.9487179487179487,0.9061224489795918,0.9000911086905521
66,db4,1321,15,0.9913941480206541,0.8796296296296297,0.979381443298969,0.926829268292683,0.923773413832502
67,db4,1341,15,0.9948364888123924,0.9326923076923077,0.9797979797979798,0.9556650246305419,0.9532514423614554
68,db4,1361,15,0.9908204245553643,0.8846153846153846,0.9583333333333334,0.9199999999999999,0.9159640179330302
69,db4,1381,15,0.9913941480206541,0.9038461538461539,0.9494949494949495,0.9261083743842364,0.9218576348218047
70,db4,1401,15,0.9913941480206541,0.9363636363636364,0.9279279279279279,0.9321266968325792,0.9275434410987552
71,db4,1421,15,0.9896729776247849,0.9247311827956989,0.8865979381443299,0.9052631578947367,0.9000276790149335
72,db4,1441,15,0.9902467010900746,0.926605504587156,0.9181818181818182,0.9223744292237444,0.9171818810048964
73,db4,1461,15,0.9862306368330465,0.8376068376068376,0.9514563106796117,0.8909090909090909,0.8856366059493909
74,db4,1481,15,0.9925415949512335,0.9375,0.9278350515463918,0.9326424870466321,0.9287088016263542
75,db4,1501,15,0.9896729776247849,0.89,0.9270833333333334,0.9081632653061226,0.9029056668184925
76,db4,1521,15,0.9879518072289156,0.8761904761904762,0.92,0.8975609756097561,0.8914638899570742
77,db4,1541,15,0.9913941480206541,0.9285714285714286,0.9369369369369369,0.9327354260089685,0.9281491793738417
78,db4,1561,15,0.9931153184165232,0.9270833333333334,0.9468085106382979,0.9368421052631578,0.9332595932608888
79,db4,1581,15,0.9827882960413081,0.7843137254901961,0.9090909090909091,0.8421052631578948,0.8355952801992935
80,db4,1601,15,0.9873780837636259,0.8640776699029126,0.9175257731958762,0.89,0.8837589614754134
81,db4,1621,15,0.9890992541594952,0.8522727272727273,0.9259259259259259,0.8875739644970415,0.8826927818684122
82,db4,1641,15,0.9890992541594952,0.8918918918918919,0.9339622641509434,0.9124423963133641,0.9069072991053607
83,db4,1661,15,0.9925415949512335,0.9042553191489362,0.9550561797752809,0.9289617486338798,0.9254138341750862
84,db4,1681,15,0.9885255306942053,0.9203539823008849,0.9043478260869565,0.9122807017543859,0.9061823864929311
85,db4,1701,15,0.9919678714859438,0.9247311827956989,0.9247311827956989,0.9247311827956989,0.9204887585532747
86,db4,1721,15,0.9885255306942053,0.9101123595505618,0.8709677419354839,0.8901098901098902,0.8842974754400592
87,db4,1741,15,0.9873780837636259,0.8803418803418803,0.9279279279279279,0.9035087719298245,0.8971168372812001
88,db4,1761,15,0.9896729776247849,0.9026548672566371,0.9357798165137615,0.918918918918919,0.9135752875230749
89,db4,1781,15,0.9879518072289156,0.8349514563106796,0.9555555555555556,0.8911917098445595,0.8871020491169754
90,db4,1801,15,0.9908204245553643,0.8990825688073395,0.9514563106796117,0.9245283018867926,0.9200632822021877
91,db4,1821,15,0.9873780837636259,0.9139784946236559,0.8585858585858586,0.8854166666666665,0.8792256505011081
92,db4,1841,15,0.993689041881813,0.9080459770114943,0.9634146341463414,0.9349112426035503,0.9320486581316899
93,db4,1861,15,0.9931153184165232,0.9134615384615384,0.9693877551020408,0.9405940594059407,0.9374094251094243
94,db4,1881,15,0.9885255306942053,0.9065420560747663,0.9065420560747663,0.9065420560747663,0.9004295866371136
95,db4,1901,15,0.9839357429718876,0.8348623853211009,0.900990099009901,0.8666666666666667,0.8588386655737269
96,db4,1921,15,0.9890992541594952,0.9122807017543859,0.9203539823008849,0.9162995594713657,0.9104797795345903
97,db4,1941,15,0.9913941480206541,0.9090909090909091,0.9523809523809523,0.9302325581395349,0.9259338560897316
98,db4,1961,15,0.9856569133677567,0.8245614035087719,0.9494949494949495,0.8826291079812207,0.8775014066394285
99,db4,1981,15,0.9868043602983362,0.8518518518518519,0.9292929292929293,0.8888888888888888,0.8828320435925828
100,db4,2001,15,0.9868043602983362,0.8416666666666667,0.9619047619047619,0.8977777777777778,0.8930275230010235
101,db4,1,20,0.9885255306942053,0.8666666666666667,0.9069767441860465,0.8863636363636364,0.8805768991879825
102,db4,21,20,0.9925415949512335,0.9139784946236559,0.9444444444444444,0.9289617486338798,0.9251655289976047
103,db4,41,20,0.993689041881813,0.9035087719298246,1.0,0.9493087557603688,0.9473376653116354
104,db4,61,20,0.9908204245553643,0.8979591836734694,0.9361702127659575,0.9166666666666666,0.912033266517454
105,db4,81,20,0.9919678714859438,0.9320388349514563,0.9320388349514563,0.9320388349514563,0.9277705422685295
106,db4,101,20,0.9856569133677567,0.8333333333333334,0.9139784946236559,0.8717948717948718,0.8652499062175977
107,db4,121,20,0.9908204245553643,0.8943089430894309,0.9734513274336283,0.9322033898305085,0.9282487727976755
108,db4,141,20,0.9913941480206541,0.9478260869565217,0.923728813559322,0.9356223175965666,0.9311006413451377
109,db4,161,20,0.9885255306942053,0.8556701030927835,0.9325842696629213,0.8924731182795699,0.8873405223057261
110,db4,181,20,0.9816408491107286,0.7931034482758621,0.92,0.851851851851852,0.8447592170678677
111,db4,201,20,0.9873780837636259,0.9,0.8823529411764706,0.8910891089108911,0.8844395070655713
112,db4,221,20,0.9845094664371773,0.8416666666666667,0.926605504587156,0.8820960698689956,0.8749834791134226
113,db4,241,20,0.9902467010900746,0.8888888888888888,0.9504950495049505,0.9186602870813396,0.9140590691851468
114,db4,261,20,0.9862306368330465,0.8715596330275229,0.9047619047619048,0.8878504672897196,0.8806928719890662
115,db4,281,20,0.9896729776247849,0.8804347826086957,0.9204545454545454,0.8999999999999999,0.8948038623461988
116,db4,301,20,0.9896729776247849,0.8828828828828829,0.9514563106796117,0.9158878504672898,0.9111176177148949
117,db4,321,20,0.9885255306942053,0.883495145631068,0.9191919191919192,0.9009900990099011,0.8951002580762983
118,db4,341,20,0.9839357429718876,0.8376068376068376,0.9158878504672897,0.875,0.8674220487981285
119,db4,361,20,0.9879518072289156,0.8586956521739131,0.9080459770114943,0.88268156424581,0.8767167286910944
120,db4,381,20,0.9856569133677567,0.8962264150943396,0.8715596330275229,0.8837209302325582,0.8761764733604782
121,db4,401,20,0.9908204245553643,0.9,0.9519230769230769,0.925233644859813,0.9207586030214086
122,db4,421,20,0.993689041881813,0.9473684210526315,0.9375,0.9424083769633508,0.9390844886210451
123,db4,441,20,0.9890992541594952,0.908256880733945,0.9166666666666666,0.912442396313364,0.9066413003936338
124,db4,461,20,0.9931153184165232,0.908256880733945,0.9801980198019802,0.9428571428571428,0.9399722822288314
125,db4,481,20,0.9902467010900746,0.9259259259259259,0.9174311926605505,0.9216589861751153,0.9164698029690364
126,db4,501,20,0.9862306368330465,0.8888888888888888,0.8888888888888888,0.8888888888888888,0.8815494393476044
127,db4,521,20,0.9885255306942053,0.8666666666666667,0.9381443298969072,0.900990099009901,0.8957018160412308
128,db4,541,20,0.9856569133677567,0.8738738738738738,0.8981481481481481,0.8858447488584474,0.878287828138468
129,db4,561,20,0.9845094664371773,0.8828828828828829,0.875,0.8789237668161436,0.8706593421439695
130,db4,581,20,0.9879518072289156,0.8723404255319149,0.9010989010989011,0.8864864864864866,0.8802556250502676
131,db4,601,20,0.9890992541594952,0.845360824742268,0.9534883720930233,0.8961748633879781,0.8922409868042609
132,db4,621,20,0.9919678714859438,0.9215686274509803,0.94,0.9306930693069307,0.926481589585931
133,db4,641,20,0.985083189902467,0.8653846153846154,0.8823529411764706,0.8737864077669903,0.865906470382895
134,db4,661,20,0.9902467010900746,0.9238095238095239,0.9150943396226415,0.9194312796208531,0.9142521973802102
135,db4,681,20,0.9856569133677567,0.8529411764705882,0.8969072164948454,0.8743718592964823,0.8670790978409338
136,db4,701,20,0.9902467010900746,0.8602150537634409,0.9523809523809523,0.903954802259887,0.9001232925289618
137,db4,721,20,0.9902467010900746,0.9032258064516129,0.9130434782608695,0.9081081081081082,0.9029730243007031
138,db4,741,20,0.9873780837636259,0.8849557522123894,0.9174311926605505,0.9009009009009009,0.8943286404030377
139,db4,761,20,0.9902467010900746,0.9120879120879121,0.9021739130434783,0.907103825136612,0.901972151456803
140,db4,781,20,0.9925415949512335,0.9191919191919192,0.9479166666666666,0.9333333333333333,0.9295075840321463
141,db4,801,20,0.9879518072289156,0.8484848484848485,0.9333333333333333,0.888888888888889,0.8836551842420582
142,db4,821,20,0.9948364888123924,0.9528301886792453,0.9619047619047619,0.957345971563981,0.9546100925444476
143,db4,841,20,0.9890992541594952,0.8990825688073395,0.9245283018867925,0.9116279069767442,0.9059206597853013
144,db4,861,20,0.9879518072289156,0.8818181818181818,0.9238095238095239,0.9023255813953489,0.8961844973585905
145,db4,881,20,0.9896729776247849,0.8962264150943396,0.9313725490196079,0.9134615384615385,0.9081624727796942
146,db4,901,20,0.9908204245553643,0.9101123595505618,0.9101123595505618,0.9101123595505618,0.9052756001793405
147,db4,921,20,0.9890992541594952,0.8640776699029126,0.9468085106382979,0.9035532994923857,0.8988433402735168
148,db4,941,20,0.9862306368330465,0.875,0.8921568627450981,0.883495145631068,0.8762254526057375
149,db4,961,20,0.9942627653471027,0.956989247311828,0.9368421052631579,0.946808510638298,0.9438364049406722
150,db4,981,20,0.9845094664371773,0.8660714285714286,0.8899082568807339,0.8778280542986426,0.8696514986376885
151,db4,1001,20,0.993689041881813,0.92,0.968421052631579,0.9435897435897437,0.9405965901715507
152,db4,1021,20,0.9931153184165232,0.9152542372881356,0.9818181818181818,0.9473684210526316,0.9443556825747925
153,db4,1041,20,0.9868043602983362,0.8461538461538461,0.9263157894736842,0.8844221105527639,0.8784508227138556
154,db4,1061,20,0.9885255306942053,0.8942307692307693,0.9117647058823529,0.9029126213592232,0.8968634170514225
155,db4,1081,20,0.9862306368330465,0.8508771929824561,0.9326923076923077,0.889908256880734,0.8836389802267174
156,db4,1101,20,0.9856569133677567,0.8229166666666666,0.9080459770114943,0.8633879781420765,0.8569933195535718
157,db4,1121,20,0.9862306368330465,0.8468468468468469,0.9306930693069307,0.8867924528301886,0.8805903455905028
158,db4,1141,20,0.9902467010900746,0.908256880733945,0.9339622641509434,0.9209302325581395,0.9158353885935758
159,db4,1161,20,0.9908204245553643,0.8979591836734694,0.9361702127659575,0.9166666666666666,0.912033266517454
160,db4,1181,20,0.9896729776247849,0.8918918918918919,0.9428571428571428,0.9166666666666667,0.911566334222845
161,db4,1201,20,0.9919678714859438,0.9009009009009009,0.970873786407767,0.9345794392523364,0.9310456895387266
162,db4,1221,20,0.9879518072289156,0.918918918918919,0.8947368421052632,0.9066666666666667,0.9003196033496943
163,db4,1241,20,0.9879518072289156,0.9099099099099099,0.9017857142857143,0.905829596412556,0.8994042607589056
164,db4,1261,20,0.9890992541594952,0.9459459459459459,0.8898305084745762,0.9170305676855895,0.911690813639433
165,db4,1281,20,0.985083189902467,0.8301886792452831,0.9166666666666666,0.8712871287128713,0.8645847901375284
166,db4,1301,20,0.9845094664371773,0.8359375,0.9469026548672567,0.8879668049792532,0.8816527948560137
167,db4,1321,20,0.9931153184165232,0.9259259259259259,0.9615384615384616,0.9433962264150944,0.9399220586723076
168,db4,1341,20,0.9942627653471027,0.9423076923076923,0.9607843137254902,0.9514563106796117,0.9484583281656348
169,db4,1361,20,0.9902467010900746,0.8942307692307693,0.9393939393939394,0.9162561576354681,0.9113930323085877
170,db4,1381,20,0.9908204245553643,0.9038461538461539,0.94,0.9215686274509804,0.9168944045561199
171,db4,1401,20,0.9908204245553643,0.9,0.9519230769230769,0.925233644859813,0.9207586030214086
172,db4,1421,20,0.9908204245553643,0.946236559139785,0.8888888888888888,0.9166666666666667,0.9123133590429389
173,db4,1441,20,0.9913941480206541,0.908256880733945,0.9519230769230769,0.9295774647887324,0.9252864217688062
174,db4,1461,20,0.9890992541594952,0.8717948717948718,0.9622641509433962,0.914798206278027,0.9102548839024871
175,db4,1481,20,0.9913941480206541,0.9479166666666666,0.900990099009901,0.9238578680203046,0.9196331104105642
176,db4,1501,20,0.9890992541594952,0.87,0.9354838709677419,0.9015544041450777,0.8964535357534431
177,db4,1521,20,0.9879518072289156,0.8476190476190476,0.9468085106382979,0.8944723618090452,0.8896336827704856
178,db4,1541,20,0.9902467010900746,0.9017857142857143,0.9439252336448598,0.9223744292237444,0.917446038356707
179,db4,1561,20,0.993689041881813,0.9375,0.9473684210526315,0.9424083769633508,0.9390844886210451
180,db4,1581,20,0.9862306368330465,0.803921568627451,0.9534883720930233,0.8723404255319148,0.8686378914446616
181,db4,1601,20,0.9896729776247849,0.883495145631068,0.9381443298969072,0.9099999999999999,0.90498583654227
182,db4,1621,20,0.9919678714859438,0.9090909090909091,0.9302325581395349,0.9195402298850575,0.9153807556715783
183,db4,1641,20,0.9856569133677567,0.8648648648648649,0.9056603773584906,0.8847926267281107,0.8774142412412891
184,db4,1661,20,0.9931153184165232,0.9042553191489362,0.9659090909090909,0.9340659340659342,0.9310014300612702
185,db4,1681,20,0.9862306368330465,0.8672566371681416,0.9158878504672897,0.890909090909091,0.8839410460835327
186,db4,1701,20,0.9896729776247849,0.8817204301075269,0.9213483146067416,0.901098901098901,0.8958946230458259
187,db4,1721,20,0.9879518072289156,0.898876404494382,0.8695652173913043,0.8839779005524863,0.87775987406202
188,db4,1741,20,0.9890992541594952,0.9316239316239316,0.9083333333333333,0.919831223628692,0.914068582033775
189,db4,1761,20,0.9890992541594952,0.8849557522123894,0.9433962264150944,0.91324200913242,0.9079607790125918
190,db4,1781,20,0.9902467010900746,0.883495145631068,0.9479166666666666,0.9145728643216081,0.9100411385542607
191,db4,1801,20,0.9908204245553643,0.8990825688073395,0.9514563106796117,0.9245283018867926,0.9200632822021877
192,db4,1821,20,0.9919678714859438,0.967741935483871,0.8910891089108911,0.9278350515463919,0.9244716230042863
193,db4,1841,20,0.9954102122776821,0.9195402298850575,0.9876543209876543,0.9523809523809523,0.9506424680103708
194,db4,1861,20,0.9913941480206541,0.8846153846153846,0.968421052631579,0.9246231155778896,0.9211294876706582
195,db4,1881,20,0.9890992541594952,0.9158878504672897,0.9074074074074074,0.9116279069767442,0.9058305481412965
196,db4,1901,20,0.9856569133677567,0.8348623853211009,0.9285714285714286,0.8792270531400966,0.8730194691650693
197,db4,1921,20,0.9913941480206541,0.9298245614035088,0.9380530973451328,0.933920704845815,0.9293284790503428
198,db4,1941,20,0.9919678714859438,0.9181818181818182,0.9528301886792453,0.9351851851851851,0.9310868537950637
199,db4,1961,20,0.9868043602983362,0.8333333333333334,0.9595959595959596,0.892018779342723,0.8875271345804635
200,db4,1981,20,0.9868043602983362,0.8518518518518519,0.9292929292929293,0.8888888888888888,0.8828320435925828
201,db4,2001,20,0.9879518072289156,0.85,0.9714285714285714,0.9066666666666667,0.9025510080850637
202,db4,1,25,0.9885255306942053,0.8777777777777778,0.8977272727272727,0.8876404494382022,0.881657109454413
203,db4,21,25,0.9925415949512335,0.9032258064516129,0.9545454545454546,0.9281767955801105,0.924639075322136
204,db4,41,25,0.9925415949512335,0.8947368421052632,0.9902912621359223,0.9400921658986175,0.9374965599182606
205,db4,61,25,0.9908204245553643,0.8979591836734694,0.9361702127659575,0.9166666666666666,0.912033266517454
206,db4,81,25,0.9908204245553643,0.912621359223301,0.9306930693069307,0.9215686274509804,0.9167437541765291
207,db4,101,25,0.9862306368330465,0.8431372549019608,0.9148936170212766,0.8775510204081632,0.8710839134954879
208,db4,121,25,0.9913941480206541,0.9024390243902439,0.9736842105263158,0.9367088607594938,0.9328737055211688
209,db4,141,25,0.9925415949512335,0.9565217391304348,0.9322033898305084,0.944206008583691,0.9402999158927413
210,db4,161,25,0.9885255306942053,0.845360824742268,0.9425287356321839,0.8913043478260869,0.8867265881013965
211,db4,181,25,0.9827882960413081,0.8189655172413793,0.9134615384615384,0.8636363636363636,0.8559312310417666
212,db4,201,25,0.9885255306942053,0.9,0.9,0.9,0.8939135727328058
213,db4,221,25,0.9868043602983362,0.85,0.9532710280373832,0.8986784140969163,0.8933226935954846
214,db4,241,25,0.9890992541594952,0.8703703703703703,0.9494949494949495,0.9082125603864735,0.9033951215803672
215,db4,261,25,0.9862306368330465,0.8440366972477065,0.9292929292929293,0.8846153846153846,0.8784604153182332
216,db4,281,25,0.9896729776247849,0.9021739130434783,0.9021739130434783,0.9021739130434784,0.8967226713717642
217,db4,301,25,0.9902467010900746,0.918918918918919,0.9272727272727272,0.9230769230769231,0.9178810105449321
218,db4,321,25,0.9919678714859438,0.9029126213592233,0.9587628865979382,0.9299999999999999,0.9262127116091265
219,db4,341,25,0.9822145725760184,0.8290598290598291,0.8981481481481481,0.8622222222222222,0.8535126628678953
220,db4,361,25,0.9885255306942053,0.8586956521739131,0.9186046511627907,0.8876404494382023,0.8821583948034295
221,db4,381,25,0.9925415949512335,0.9339622641509434,0.9428571428571428,0.9383886255924171,0.9344311449623289
222,db4,401,25,0.9902467010900746,0.9090909090909091,0.9345794392523364,0.9216589861751152,0.9165592862752334
223,db4,421,25,0.9948364888123924,0.9578947368421052,0.9479166666666666,0.9528795811518324,0.9501628254309705
224,db4,441,25,0.9925415949512335,0.926605504587156,0.9528301886792453,0.9395348837209303,0.9356648462101246
225,db4,461,25,0.9925415949512335,0.926605504587156,0.9528301886792453,0.9395348837209303,0.9356648462101246
226,db4,481,25,0.9919678714859438,0.9444444444444444,0.9272727272727272,0.9357798165137615,0.9315408436503637
227,db4,501,25,0.9862306368330465,0.8796296296296297,0.8962264150943396,0.8878504672897196,0.8805598376372477
228,db4,521,25,0.9885255306942053,0.8666666666666667,0.9381443298969072,0.900990099009901,0.8957018160412308
229,db4,541,25,0.9908204245553643,0.918918918918919,0.9357798165137615,0.9272727272727272,0.9224176254634315
230,db4,561,25,0.9862306368330465,0.8558558558558559,0.9223300970873787,0.8878504672897196,0.8812255099791473
231,db4,581,25,0.9879518072289156,0.8829787234042553,0.8924731182795699,0.8877005347593583,0.8813492328556608
232,db4,601,25,0.9879518072289156,0.8144329896907216,0.9634146341463414,0.8826815642458101,0.8798150987536222
233,db4,621,25,0.9873780837636259,0.8725490196078431,0.9081632653061225,0.89,0.8835066491709233
234,db4,641,25,0.9839357429718876,0.8461538461538461,0.88,0.8627450980392156,0.8544025074037894
235,db4,661,25,0.9902467010900746,0.9333333333333333,0.9074074074074074,0.9201877934272301,0.9150978459147129
236,db4,681,25,0.9856569133677567,0.8431372549019608,0.9052631578947369,0.8730964467005077,0.866119889105051
237,db4,701,25,0.9902467010900746,0.8817204301075269,0.9318181818181818,0.9060773480662982,0.9013204147282405
238,db4,721,25,0.9913941480206541,0.8924731182795699,0.9431818181818182,0.9171270718232044,0.9129797450251882
239,db4,741,25,0.9879518072289156,0.8849557522123894,0.9259259259259259,0.9049773755656108,0.8988112876327561
240,db4,761,25,0.9913941480206541,0.9120879120879121,0.9222222222222223,0.9171270718232044,0.912604135668063
241,db4,781,25,0.993689041881813,0.9292929292929293,0.9583333333333334,0.9435897435897437,0.9403730027457587
242,db4,801,25,0.9890992541594952,0.8787878787878788,0.925531914893617,0.9015544041450778,0.8961257299791613
243,db4,821,25,0.9925415949512335,0.9339622641509434,0.9428571428571428,0.9383886255924171,0.9344311449623289
244,db4,841,25,0.9885255306942053,0.8807339449541285,0.9320388349514563,0.9056603773584906,0.8999655261082901
245,db4,861,25,0.9896729776247849,0.8909090909090909,0.9423076923076923,0.9158878504672897,0.9107976290393562
246,db4,881,25,0.9890992541594952,0.8679245283018868,0.9484536082474226,0.9064039408866995,0.9016280270391195
247,db4,901,25,0.9913941480206541,0.9213483146067416,0.9111111111111111,0.9162011173184358,0.911681242143714
248,db4,921,25,0.9908204245553643,0.883495145631068,0.9578947368421052,0.9191919191919192,0.9151740622447754
249,db4,941,25,0.9890992541594952,0.9134615384615384,0.9047619047619048,0.9090909090909091,0.9033047651175502
250,db4,961,25,0.9919678714859438,0.8924731182795699,0.9540229885057471,0.9222222222222222,0.9185599584024772
251,db4,981,25,0.9856569133677567,0.8660714285714286,0.9065420560747663,0.8858447488584474,0.8784574197535036
252,db4,1001,25,0.9925415949512335,0.9,0.967741935483871,0.9326424870466321,0.9293854073747944
253,db4,1021,25,0.9919678714859438,0.9067796610169492,0.9727272727272728,0.9385964912280702,0.9349640678979173
254,db4,1041,25,0.9902467010900746,0.9134615384615384,0.9223300970873787,0.9178743961352658,0.9127020546732773
255,db4,1061,25,0.9896729776247849,0.9230769230769231,0.9056603773584906,0.9142857142857143,0.9088384105382538
256,db4,1081,25,0.9885255306942053,0.868421052631579,0.9519230769230769,0.908256880733945,0.9032323109208009
257,db4,1101,25,0.9868043602983362,0.84375,0.9101123595505618,0.8756756756756756,0.8694128742432558
258,db4,1121,25,0.9856569133677567,0.8198198198198198,0.9479166666666666,0.8792270531400965,0.8742417329460543
259,db4,1141,25,0.9913941480206541,0.926605504587156,0.9351851851851852,0.9308755760368663,0.9262983055444389
260,db4,1161,25,0.9902467010900746,0.8877551020408163,0.9354838709677419,0.9109947643979057,0.9061867516497772
261,db4,1181,25,0.9919678714859438,0.9099099099099099,0.9619047619047619,0.9351851851851852,0.9313157484072607
262,db4,1201,25,0.9908204245553643,0.8918918918918919,0.9611650485436893,0.9252336448598131,0.9210816536268107
263,db4,1221,25,0.9890992541594952,0.918918918918919,0.9107142857142857,0.914798206278027,0.9089859002972176
264,db4,1241,25,0.9885255306942053,0.8918918918918919,0.9252336448598131,0.908256880733945,0.9023119683890588
265,db4,1261,25,0.9919678714859438,0.954954954954955,0.9217391304347826,0.9380530973451328,0.9339273303094989
266,db4,1281,25,0.9868043602983362,0.8773584905660378,0.9029126213592233,0.8899521531100479,0.8830380241836633
267,db4,1301,25,0.9845094664371773,0.84375,0.9391304347826087,0.888888888888889,0.8820479230582466
268,db4,1321,25,0.9931153184165232,0.9259259259259259,0.9615384615384616,0.9433962264150944,0.9399220586723076
269,db4,1341,25,0.9948364888123924,0.9326923076923077,0.9797979797979798,0.9556650246305419,0.9532514423614554
270,db4,1361,25,0.9919678714859438,0.9134615384615384,0.95,0.9313725490196078,0.9273097207481751
271,db4,1381,25,0.9896729776247849,0.8846153846153846,0.9387755102040817,0.9108910891089108,0.9058654438239276
272,db4,1401,25,0.9919678714859438,0.9272727272727272,0.9444444444444444,0.9357798165137615,0.9315408436503637
273,db4,1421,25,0.9913941480206541,0.9354838709677419,0.90625,0.9206349206349206,0.9162155812208103
274,db4,1441,25,0.9913941480206541,0.9174311926605505,0.9433962264150944,0.9302325581395349,0.9257501174018502
275,db4,1461,25,0.9873780837636259,0.8461538461538461,0.9611650485436893,0.9,0.8953596812513805
276,db4,1481,25,0.9913941480206541,0.9270833333333334,0.9175257731958762,0.9222797927461139,0.9177386106422345
277,db4,1501,25,0.9896729776247849,0.88,0.9361702127659575,0.9072164948453608,0.9022381736601345
278,db4,1521,25,0.9873780837636259,0.8666666666666667,0.9191919191919192,0.8921568627450981,0.8858921362214415
279,db4,1541,25,0.9902467010900746,0.9017857142857143,0.9439252336448598,0.9223744292237444,0.917446038356707
280,db4,1561,25,0.9931153184165232,0.9270833333333334,0.9468085106382979,0.9368421052631578,0.9332595932608888
281,db4,1581,25,0.9873780837636259,0.8333333333333334,0.9444444444444444,0.8854166666666667,0.8806931629142696
282,db4,1601,25,0.9913941480206541,0.9223300970873787,0.9313725490196079,0.9268292682926829,0.9222699939267577
283,db4,1621,25,0.9913941480206541,0.8863636363636364,0.9397590361445783,0.912280701754386,0.9081892672372679
284,db4,1641,25,0.9896729776247849,0.9099099099099099,0.926605504587156,0.9181818181818182,0.9127139436948996
285,db4,1661,25,0.9931153184165232,0.925531914893617,0.9456521739130435,0.935483870967742,0.931908070555557
286,db4,1681,25,0.9868043602983362,0.9026548672566371,0.8947368421052632,0.8986784140969163,0.8916310800188376
287,db4,1701,25,0.9908204245553643,0.9139784946236559,0.9139784946236559,0.9139784946236559,0.9091300097751711
288,db4,1721,25,0.9885255306942053,0.9213483146067416,0.8631578947368421,0.891304347826087,0.8857791885447917
289,db4,1741,25,0.9879518072289156,0.8974358974358975,0.9210526315789473,0.9090909090909091,0.9027277805413556
290,db4,1761,25,0.9890992541594952,0.8938053097345132,0.9351851851851852,0.9140271493212669,0.9084761040029558
291,db4,1781,25,0.9902467010900746,0.883495145631068,0.9479166666666666,0.9145728643216081,0.9100411385542607
292,db4,1801,25,0.9919678714859438,0.9174311926605505,0.9523809523809523,0.9345794392523364,0.9304868150238703
293,db4,1821,25,0.9885255306942053,0.956989247311828,0.8476190476190476,0.8989898989898989,0.894779128116855
294,db4,1841,25,0.9925415949512335,0.896551724137931,0.9512195121951219,0.9230769230769231,0.9196059231215911
295,db4,1861,25,0.9925415949512335,0.9038461538461539,0.9690721649484536,0.9353233830845771,0.9320076863049009
296,db4,1881,25,0.9913941480206541,0.9532710280373832,0.9107142857142857,0.9315068493150684,0.9271931930075079
297,db4,1901,25,0.9856569133677567,0.8256880733944955,0.9375,0.878048780487805,0.872443244442275
298,db4,1921,25,0.9913941480206541,0.9298245614035088,0.9380530973451328,0.933920704845815,0.9293284790503428
299,db4,1941,25,0.9931153184165232,0.9272727272727272,0.9622641509433962,0.9444444444444444,0.9409594342088826
300,db4,1961,25,0.9913941480206541,0.9122807017543859,0.9541284403669725,0.9327354260089685,0.9284072723033706
301,db4,1981,25,0.9885255306942053,0.8796296296296297,0.9313725490196079,0.9047619047619048,0.8990777800440902
302,db4,2001,25,0.9879518072289156,0.85,0.9714285714285714,0.9066666666666667,0.9025510080850637
303,db4,1,30,0.9890992541594952,0.8777777777777778,0.9080459770114943,0.8926553672316384,0.8870566053662797
304,db4,21,30,0.993689041881813,0.9247311827956989,0.9555555555555556,0.9398907103825136,0.9367015558749008
305,db4,41,30,0.9925415949512335,0.9035087719298246,0.9809523809523809,0.9406392694063928,0.9375689016434694
306,db4,61,30,0.9925415949512335,0.9285714285714286,0.9381443298969072,0.9333333333333333,0.9293969883154406
307,db4,81,30,0.9931153184165232,0.941747572815534,0.941747572815534,0.941747572815534,0.9380890362301681
308,db4,101,30,0.9856569133677567,0.8431372549019608,0.9052631578947369,0.8730964467005077,0.866119889105051
309,db4,121,30,0.9919678714859438,0.9024390243902439,0.9823008849557522,0.940677966101695,0.9373469480932446
310,db4,141,30,0.993689041881813,0.9652173913043478,0.940677966101695,0.9527896995708155,0.9494991904403448
311,db4,161,30,0.9885255306942053,0.8350515463917526,0.9529411764705882,0.8901098901098902,0.8862303771128448
312,db4,181,30,0.9816408491107286,0.7931034482758621,0.92,0.851851851851852,0.8447592170678677
313,db4,201,30,0.9873780837636259,0.9,0.8823529411764706,0.8910891089108911,0.8844395070655713
314,db4,221,30,0.9868043602983362,0.85,0.9532710280373832,0.8986784140969163,0.8933226935954846
315,db4,241,30,0.9919678714859438,0.9074074074074074,0.9607843137254902,0.9333333333333333,0.929493178421841
316,db4,261,30,0.9890992541594952,0.8807339449541285,0.9411764705882353,0.909952606635071,0.9047220620694806
317,db4,281,30,0.9902467010900746,0.9021739130434783,0.9120879120879121,0.907103825136612,0.901972151456803
318,db4,301,30,0.9908204245553643,0.9009009009009009,0.9523809523809523,0.925925925925926,0.9214410413150529
319,db4,321,30,0.9919678714859438,0.883495145631068,0.978494623655914,0.9285714285714286,0.9256810540560592
320,db4,341,30,0.9856569133677567,0.8632478632478633,0.9181818181818182,0.8898678414096917,0.8826848280802323
321,db4,361,30,0.9879518072289156,0.8478260869565217,0.9176470588235294,0.8813559322033897,0.8757803720948966
322,db4,381,30,0.9868043602983362,0.9150943396226415,0.8738738738738738,0.8940092165898619,0.887245260529313
323,db4,401,30,0.9913941480206541,0.9181818181818182,0.9439252336448598,0.9308755760368663,0.9263886275413242
324,db4,421,30,0.9931153184165232,0.9473684210526315,0.9278350515463918,0.9374999999999999,0.9339141789764364
325,db4,441,30,0.9919678714859438,0.926605504587156,0.9439252336448598,0.9351851851851852,0.9309495847086242
326,db4,461,30,0.9913941480206541,0.9357798165137615,0.9272727272727272,0.9315068493150684,0.9269265855734904
327,db4,481,30,0.9908204245553643,0.9444444444444444,0.9107142857142857,0.9272727272727271,0.9225492281689286
328,db4,501,30,0.9879518072289156,0.8888888888888888,0.9142857142857143,0.9014084507042254,0.8950943902363032
329,db4,521,30,0.9879518072289156,0.8761904761904762,0.92,0.8975609756097561,0.8914638899570742
330,db4,541,30,0.9879518072289156,0.8828828828828829,0.9245283018867925,0.903225806451613,0.8970762798173368
331,db4,561,30,0.9913941480206541,0.9099099099099099,0.9528301886792453,0.9308755760368664,0.9265693376814084
332,db4,581,30,0.9890992541594952,0.9148936170212766,0.8865979381443299,0.900523560209424,0.8948823112865039
333,db4,601,30,0.9873780837636259,0.8144329896907216,0.9518072289156626,0.8777777777777778,0.8741083102376851
334,db4,621,30,0.9896729776247849,0.8921568627450981,0.9285714285714286,0.9099999999999999,0.9047281950777925
335,db4,641,30,0.9845094664371773,0.8557692307692307,0.8811881188118812,0.8682926829268293,0.8601693359612061
336,db4,661,30,0.9902467010900746,0.9238095238095239,0.9150943396226415,0.9194312796208531,0.9142521973802102
337,db4,681,30,0.9868043602983362,0.8725490196078431,0.898989898989899,0.8855721393034826,0.8786824901641885
338,db4,701,30,0.9890992541594952,0.8494623655913979,0.9404761904761905,0.8926553672316385,0.8882039828161501
339,db4,721,30,0.9902467010900746,0.8924731182795699,0.9222222222222223,0.9071038251366121,0.9020934752430128
340,db4,741,30,0.9862306368330465,0.8584070796460177,0.9238095238095239,0.8899082568807339,0.8832517270988783
341,db4,761,30,0.9885255306942053,0.8901098901098901,0.8901098901098901,0.8901098901098901,0.8840566213447569
342,db4,781,30,0.9931153184165232,0.9191919191919192,0.9578947368421052,0.9381443298969072,0.9347235804421969
343,db4,801,30,0.9879518072289156,0.8383838383838383,0.9431818181818182,0.8877005347593583,0.8830651259574563
344,db4,821,30,0.9908204245553643,0.9150943396226415,0.9326923076923077,0.9238095238095239,0.9189731821984043
345,db4,841,30,0.9885255306942053,0.8899082568807339,0.9238095238095239,0.9065420560747663,0.9006104492029878
346,db4,861,30,0.9890992541594952,0.8909090909090909,0.9333333333333333,0.9116279069767442,0.9061009502689709
347,db4,881,30,0.9890992541594952,0.8773584905660378,0.9393939393939394,0.9073170731707318,0.9021271399780085
348,db4,901,30,0.9913941480206541,0.9101123595505618,0.9204545454545454,0.9152542372881356,0.9107374298565497
349,db4,921,30,0.9902467010900746,0.8640776699029126,0.967391304347826,0.9128205128205128,0.909296425894143
350,db4,941,30,0.9890992541594952,0.9038461538461539,0.912621359223301,0.9082125603864736,0.9024301565290203
351,db4,961,30,0.9925415949512335,0.9032258064516129,0.9545454545454546,0.9281767955801105,0.924639075322136
352,db4,981,30,0.9839357429718876,0.8303571428571429,0.9117647058823529,0.8691588785046729,0.8616895613798152
353,db4,1001,30,0.993689041881813,0.92,0.968421052631579,0.9435897435897437,0.9405965901715507
354,db4,1021,30,0.9942627653471027,0.923728813559322,0.990909090909091,0.956140350877193,0.9537472972516677
355,db4,1041,30,0.9879518072289156,0.8846153846153846,0.9108910891089109,0.8975609756097561,0.8912696827783869
356,db4,1061,30,0.9896729776247849,0.9134615384615384,0.9134615384615384,0.9134615384615384,0.9079703853193786
357,db4,1081,30,0.9879518072289156,0.868421052631579,0.9428571428571428,0.904109589041096,0.8985573869993245
358,db4,1101,30,0.985083189902467,0.7916666666666666,0.926829268292683,0.8539325842696629,0.8490435000544851
359,db4,1121,30,0.9856569133677567,0.8198198198198198,0.9479166666666666,0.8792270531400965,0.8742417329460543
360,db4,1141,30,0.9913941480206541,0.9174311926605505,0.9433962264150944,0.9302325581395349,0.9257501174018502
361,db4,1161,30,0.9908204245553643,0.8979591836734694,0.9361702127659575,0.9166666666666666,0.912033266517454
362,db4,1181,30,0.9885255306942053,0.8828828828828829,0.9333333333333333,0.9074074074074073,0.9016916271306373
363,db4,1201,30,0.9919678714859438,0.9009009009009009,0.970873786407767,0.9345794392523364,0.9310456895387266
364,db4,1221,30,0.9885255306942053,0.918918918918919,0.9026548672566371,0.9107142857142857,0.9046247809697641
365,db4,1241,30,0.9879518072289156,0.8828828828828829,0.9245283018867925,0.903225806451613,0.8970762798173368
366,db4,1261,30,0.9885255306942053,0.9369369369369369,0.8888888888888888,0.9122807017543859,0.906505908190527
367,db4,1281,30,0.9873780837636259,0.8773584905660378,0.9117647058823529,0.8942307692307693,0.8877076493924754
368,db4,1301,30,0.9868043602983362,0.875,0.9411764705882353,0.9068825910931174,0.9004843266583201
369,db4,1321,30,0.9913941480206541,0.8888888888888888,0.9696969696969697,0.927536231884058,0.9239581995681514
370,db4,1341,30,0.9942627653471027,0.9423076923076923,0.9607843137254902,0.9514563106796117,0.9484583281656348
371,db4,1361,30,0.9913941480206541,0.9038461538461539,0.9494949494949495,0.9261083743842364,0.9218576348218047
372,db4,1381,30,0.9902467010900746,0.8942307692307693,0.9393939393939394,0.9162561576354681,0.9113930323085877
373,db4,1401,30,0.9919678714859438,0.9181818181818182,0.9528301886792453,0.9351851851851851,0.9310868537950637
374,db4,1421,30,0.9902467010900746,0.9354838709677419,0.8877551020408163,0.9109947643979057,0.9061867516497772
375,db4,1441,30,0.9931153184165232,0.9174311926605505,0.970873786407767,0.9433962264150944,0.9401610382960852
376,db4,1461,30,0.9873780837636259,0.8461538461538461,0.9611650485436893,0.9,0.8953596812513805
377,db4,1481,30,0.9931153184165232,0.9375,0.9375,0.9375,0.9338570127504554
378,db4,1501,30,0.9896729776247849,0.86,0.9555555555555556,0.9052631578947369,0.9012149038602605
379,db4,1521,30,0.9873780837636259,0.8761904761904762,0.9108910891089109,0.8932038834951457,0.8866880789624144
380,db4,1541,30,0.9902467010900746,0.9107142857142857,0.9357798165137615,0.9230769230769231,0.9179676267917303
381,db4,1561,30,0.9925415949512335,0.9166666666666666,0.946236559139785,0.9312169312169313,0.9274056182746727
382,db4,1581,30,0.9862306368330465,0.8333333333333334,0.9239130434782609,0.8762886597938144,0.8703158465862278
383,db4,1601,30,0.9896729776247849,0.8932038834951457,0.9292929292929293,0.9108910891089108,0.9056123305605789
384,db4,1621,30,0.9902467010900746,0.8863636363636364,0.9176470588235294,0.9017341040462428,0.896753715733408
385,db4,1641,30,0.9908204245553643,0.918918918918919,0.9357798165137615,0.9272727272727272,0.9224176254634315
386,db4,1661,30,0.9931153184165232,0.9148936170212766,0.9555555555555556,0.9347826086956522,0.9313955753421082
387,db4,1681,30,0.9879518072289156,0.9026548672566371,0.9107142857142857,0.9066666666666666,0.9002372207678788
388,db4,1701,30,0.9896729776247849,0.8817204301075269,0.9213483146067416,0.901098901098901,0.8958946230458259
389,db4,1721,30,0.9896729776247849,0.9213483146067416,0.8817204301075269,0.901098901098901,0.8958946230458259
390,db4,1741,30,0.9902467010900746,0.9230769230769231,0.9310344827586207,0.927038626609442,0.9218225342298078
391,db4,1761,30,0.9902467010900746,0.9026548672566371,0.9444444444444444,0.9230769230769231,0.9181409203731555
392,db4,1781,30,0.9868043602983362,0.8349514563106796,0.9347826086956522,0.8820512820512821,0.8766518782356959
393,db4,1801,30,0.993689041881813,0.9357798165137615,0.9622641509433962,0.9488372093023256,0.945579575018399
394,db4,1821,30,0.9873780837636259,0.9032258064516129,0.865979381443299,0.8842105263157894,0.8777565028183503
395,db4,1841,30,0.993689041881813,0.896551724137931,0.975,0.934131736526946,0.9317268253583889
396,db4,1861,30,0.993689041881813,0.9134615384615384,0.979381443298969,0.9452736318407959,0.942573196127276
397,db4,1881,30,0.9913941480206541,0.9345794392523364,0.9259259259259259,0.9302325581395349,0.9256582823262075
398,db4,1901,30,0.9873780837636259,0.8440366972477065,0.9484536082474226,0.8932038834951457,0.8882239252403309
399,db4,1921,30,0.9868043602983362,0.8947368421052632,0.9026548672566371,0.8986784140969163,0.8916310800188376
400,db4,1941,30,0.9931153184165232,0.9363636363636364,0.9537037037037037,0.944954128440367,0.9413275643866998
401,db4,1961,30,0.9868043602983362,0.8421052631578947,0.9504950495049505,0.8930232558139534,0.887863588139719
402,db4,1981,30,0.9885255306942053,0.8888888888888888,0.9230769230769231,0.9056603773584906,0.8997355316218543
403,db4,2001,30,0.9856569133677567,0.8333333333333334,0.9523809523809523,0.888888888888889,0.8835040379169833
404,db4,1,35,0.9896729776247849,0.8888888888888888,0.9090909090909091,0.8988764044943819,0.8934984090820747
405,db4,21,35,0.9908204245553643,0.8817204301075269,0.9425287356321839,0.9111111111111111,0.9068373529499482
406,db4,41,35,0.993689041881813,0.9035087719298246,1.0,0.9493087557603688,0.9473376653116354
407,db4,61,35,0.9913941480206541,0.9183673469387755,0.9278350515463918,0.923076923076923,0.91853271668075
408,db4,81,35,0.9908204245553643,0.912621359223301,0.9306930693069307,0.9215686274509804,0.9167437541765291
409,db4,101,35,0.9885255306942053,0.8823529411764706,0.9183673469387755,0.9,0.8941174221243579
410,db4,121,35,0.9913941480206541,0.9105691056910569,0.9655172413793104,0.9372384937238494,0.9330844527555835
411,db4,141,35,0.993689041881813,0.9652173913043478,0.940677966101695,0.9527896995708155,0.9494991904403448
412,db4,161,35,0.9885255306942053,0.8556701030927835,0.9325842696629213,0.8924731182795699,0.8873405223057261
413,db4,181,35,0.9816408491107286,0.7931034482758621,0.92,0.851851851851852,0.8447592170678677
414,db4,201,35,0.9879518072289156,0.91,0.883495145631068,0.896551724137931,0.8902662336075543
415,db4,221,35,0.9873780837636259,0.875,0.9375,0.9051724137931034,0.8990336575883996
416,db4,241,35,0.9913941480206541,0.9074074074074074,0.9514563106796117,0.9289099526066351,0.9246266959092408
417,db4,261,35,0.9890992541594952,0.8807339449541285,0.9411764705882353,0.909952606635071,0.9047220620694806
418,db4,281,35,0.9890992541594952,0.9021739130434783,0.8924731182795699,0.8972972972972973,0.8915561691666782
419,db4,301,35,0.9890992541594952,0.9009009009009009,0.9259259259259259,0.91324200913242,0.9075243913142161
420,db4,321,35,0.9931153184165232,0.9223300970873787,0.9595959595959596,0.9405940594059405,0.9371485480134207
421,db4,341,35,0.9833620195065979,0.8205128205128205,0.9230769230769231,0.8687782805429864,0.8616292288097576
422,db4,361,35,0.9896729776247849,0.8695652173913043,0.9302325581395349,0.898876404494382,0.8940056967423468
423,db4,381,35,0.9879518072289156,0.9150943396226415,0.8899082568807339,0.9023255813953488,0.896005930977027
424,db4,401,35,0.9913941480206541,0.9090909090909091,0.9523809523809523,0.9302325581395349,0.9259338560897316
425,db4,421,35,0.9925415949512335,0.9473684210526315,0.9183673469387755,0.9326424870466321,0.9288214818497434
426,db4,441,35,0.9919678714859438,0.908256880733945,0.9611650485436893,0.9339622641509433,0.9301121602491365
427,db4,461,35,0.9931153184165232,0.944954128440367,0.944954128440367,0.944954128440367,0.941282157816132
428,db4,481,35,0.9879518072289156,0.9259259259259259,0.8849557522123894,0.9049773755656108,0.8988112876327561
429,db4,501,35,0.9879518072289156,0.8796296296296297,0.9223300970873787,0.9004739336492891,0.8943500787578261
430,db4,521,35,0.9890992541594952,0.8857142857142857,0.93,0.9073170731707316,0.9018326543722138
431,db4,541,35,0.9890992541594952,0.8828828828828829,0.9423076923076923,0.9116279069767441,0.90637155412779
432,db4,561,35,0.9896729776247849,0.8918918918918919,0.9428571428571428,0.9166666666666667,0.911566334222845
433,db4,581,35,0.9879518072289156,0.8829787234042553,0.8924731182795699,0.8877005347593583,0.8813492328556608
434,db4,601,35,0.9873780837636259,0.8144329896907216,0.9518072289156626,0.8777777777777778,0.8741083102376851
435,db4,621,35,0.9902467010900746,0.9019607843137255,0.9292929292929293,0.9154228855721392,0.910363262568801
436,db4,641,35,0.9868043602983362,0.8653846153846154,0.9090909090909091,0.8866995073891625,0.879999224768937
437,db4,661,35,0.9902467010900746,0.9142857142857143,0.9230769230769231,0.9186602870813396,0.9134845744189429
438,db4,681,35,0.9868043602983362,0.8627450980392157,0.9072164948453608,0.8844221105527639,0.8777411849929494
439,db4,701,35,0.9902467010900746,0.8709677419354839,0.9418604651162791,0.9050279329608939,0.9006610648982841
440,db4,721,35,0.9908204245553643,0.8817204301075269,0.9425287356321839,0.9111111111111111,0.9068373529499482
441,db4,741,35,0.9868043602983362,0.8584070796460177,0.9326923076923077,0.8940092165898617,0.8878549222831429
442,db4,761,35,0.9885255306942053,0.8901098901098901,0.8901098901098901,0.8901098901098901,0.8840566213447569
443,db4,781,35,0.9919678714859438,0.9090909090909091,0.9473684210526315,0.9278350515463918,0.9238044393726111
444,db4,801,35,0.9913941480206541,0.9090909090909091,0.9375,0.923076923076923,0.9186421653185339
445,db4,821,35,0.993689041881813,0.9433962264150944,0.9523809523809523,0.9478672985781991,0.9445206187533883
446,db4,841,35,0.9908204245553643,0.9174311926605505,0.9345794392523364,0.925925925925926,0.9210782796462861
447,db4,861,35,0.9885255306942053,0.8818181818181818,0.9326923076923077,0.9065420560747663,0.9008366550573039
448,db4,881,35,0.9890992541594952,0.8773584905660378,0.9393939393939394,0.9073170731707318,0.9021271399780085
449,db4,901,35,0.9919678714859438,0.9213483146067416,0.9213483146067416,0.9213483146067416,0.9171161501569229
450,db4,921,35,0.9908204245553643,0.883495145631068,0.9578947368421052,0.9191919191919192,0.9151740622447754
451,db4,941,35,0.9885255306942053,0.9038461538461539,0.9038461538461539,0.9038461538461539,0.8977448725770873
452,db4,961,35,0.9942627653471027,0.9354838709677419,0.9560439560439561,0.9456521739130435,0.9426861524783049
453,db4,981,35,0.9856569133677567,0.875,0.8990825688073395,0.8868778280542987,0.8793147242684969
454,db4,1001,35,0.9931153184165232,0.91,0.9680851063829787,0.9381443298969071,0.9350043380260976
455,db4,1021,35,0.993689041881813,0.923728813559322,0.9819819819819819,0.9519650655021833,0.9490991268317218
456,db4,1041,35,0.9890992541594952,0.9038461538461539,0.912621359223301,0.9082125603864736,0.9024301565290203
457,db4,1061,35,0.9890992541594952,0.9230769230769231,0.897196261682243,0.9099526066350712,0.9042558864902133
458,db4,1081,35,0.9890992541594952,0.8859649122807017,0.9439252336448598,0.9140271493212668,0.9087338096448423
459,db4,1101,35,0.9856569133677567,0.8020833333333334,0.927710843373494,0.8603351955307261,0.85532624875148
460,db4,1121,35,0.9856569133677567,0.8288288288288288,0.9387755102040817,0.8803827751196172,0.8747012009610147
461,db4,1141,35,0.9896729776247849,0.908256880733945,0.9252336448598131,0.9166666666666666,0.9112069745839481
462,db4,1161,35,0.9896729776247849,0.8877551020408163,0.925531914893617,0.90625,0.9010070340760651
463,db4,1181,35,0.9902467010900746,0.9009009009009009,0.9433962264150944,0.9216589861751152,0.9167383183933846
464,db4,1201,35,0.9925415949512335,0.918918918918919,0.9622641509433962,0.9400921658986175,0.9364003569694322
465,db4,1221,35,0.9885255306942053,0.918918918918919,0.9026548672566371,0.9107142857142857,0.9046247809697641
466,db4,1241,35,0.9885255306942053,0.9099099099099099,0.9099099099099099,0.9099099099099099,0.9037824589295178
467,db4,1261,35,0.9896729776247849,0.954954954954955,0.8907563025210085,0.9217391304347827,0.9168538881100714
468,db4,1281,35,0.9879518072289156,0.8773584905660378,0.9207920792079208,0.8985507246376812,0.8924445863398486
469,db4,1301,35,0.985083189902467,0.8515625,0.9396551724137931,0.8934426229508198,0.8866839482038991
470,db4,1321,35,0.9919678714859438,0.9259259259259259,0.9433962264150944,0.9345794392523364,0.9303472279783638
471,db4,1341,35,0.993689041881813,0.9134615384615384,0.979381443298969,0.9452736318407959,0.942573196127276
472,db4,1361,35,0.9913941480206541,0.9326923076923077,0.9238095238095239,0.9282296650717704,0.9236643837203355
473,db4,1381,35,0.9908204245553643,0.8942307692307693,0.9489795918367347,0.9207920792079209,0.9163801042524266
474,db4,1401,35,0.9919678714859438,0.9363636363636364,0.9363636363636364,0.9363636363636364,0.9320770472638201
475,db4,1421,35,0.9890992541594952,0.9354838709677419,0.87,0.9015544041450777,0.8964535357534431
476,db4,1441,35,0.9896729776247849,0.908256880733945,0.9252336448598131,0.9166666666666666,0.9112069745839481
477,db4,1461,35,0.9879518072289156,0.8717948717948718,0.9444444444444444,0.9066666666666667,0.9010618868707956
478,db4,1481,35,0.9919678714859438,0.9270833333333334,0.9270833333333334,0.9270833333333334,0.922833181542198
479,db4,1501,35,0.9908204245553643,0.88,0.9565217391304348,0.9166666666666666,0.9127058573939701
480,db4,1521,35,0.9890992541594952,0.8952380952380953,0.9215686274509803,0.9082125603864734,0.9025265364393477
481,db4,1541,35,0.9890992541594952,0.9017857142857143,0.926605504587156,0.9140271493212669,0.9083044011609219
482,db4,1561,35,0.993689041881813,0.9375,0.9473684210526315,0.9424083769633508,0.9390844886210451
483,db4,1581,35,0.9856569133677567,0.8235294117647058,0.9230769230769231,0.8704663212435233,0.8644748878211854
484,db4,1601,35,0.9896729776247849,0.9029126213592233,0.9207920792079208,0.911764705882353,0.906329945669372
485,db4,1621,35,0.9908204245553643,0.875,0.9390243902439024,0.9058823529411764,0.9016843768120688
486,db4,1641,35,0.9890992541594952,0.918918918918919,0.9107142857142857,0.914798206278027,0.9089859002972176
487,db4,1661,35,0.9925415949512335,0.925531914893617,0.9354838709677419,0.9304812834224598,0.9265556072438961
488,db4,1681,35,0.9862306368330465,0.8849557522123894,0.9009009009009009,0.8928571428571428,0.8855406322526589
489,db4,1701,35,0.9908204245553643,0.9139784946236559,0.9139784946236559,0.9139784946236559,0.9091300097751711
490,db4,1721,35,0.9885255306942053,0.9213483146067416,0.8631578947368421,0.891304347826087,0.8857791885447917
491,db4,1741,35,0.9908204245553643,0.9230769230769231,0.9391304347826087,0.9310344827586208,0.9261573459355341
492,db4,1761,35,0.9902467010900746,0.9026548672566371,0.9444444444444444,0.9230769230769231,0.9181409203731555
493,db4,1781,35,0.9902467010900746,0.8737864077669902,0.9574468085106383,0.9137055837563451,0.9096149992655531
494,db4,1801,35,0.9896729776247849,0.908256880733945,0.9252336448598131,0.9166666666666666,0.9112069745839481
495,db4,1821,35,0.9890992541594952,0.9354838709677419,0.87,0.9015544041450777,0.8964535357534431
496,db4,1841,35,0.9942627653471027,0.9195402298850575,0.963855421686747,0.9411764705882354,0.9384496689271329
497,db4,1861,35,0.993689041881813,0.9134615384615384,0.979381443298969,0.9452736318407959,0.942573196127276
498,db4,1881,35,0.9902467010900746,0.9345794392523364,0.9090909090909091,0.9216589861751152,0.9165592862752334
499,db4,1901,35,0.9862306368330465,0.8348623853211009,0.9381443298969072,0.8834951456310681,0.8778878103161146
500,db4,1921,35,0.9885255306942053,0.9035087719298246,0.9196428571428571,0.911504424778761,0.90541050916789
501,db4,1941,35,0.9931153184165232,0.9454545454545454,0.9454545454545454,0.9454545454545454,0.9417803262261315
502,db4,1961,35,0.9896729776247849,0.868421052631579,0.9705882352941176,0.9166666666666667,0.9127817922498679
503,db4,1981,35,0.9868043602983362,0.8611111111111112,0.9207920792079208,0.8899521531100479,0.8835027792428815
504,db4,2001,35,0.9868043602983362,0.8416666666666667,0.9619047619047619,0.8977777777777778,0.8930275230010235
505,db4,1,45,0.9890992541594952,0.8777777777777778,0.9080459770114943,0.8926553672316384,0.8870566053662797
506,db4,21,45,0.9902467010900746,0.8709677419354839,0.9418604651162791,0.9050279329608939,0.9006610648982841
507,db4,41,45,0.9908204245553643,0.868421052631579,0.99,0.9252336448598131,0.9226084431558262
508,db4,61,45,0.9919678714859438,0.9285714285714286,0.9285714285714286,0.9285714285714286,0.9243161094224924
509,db4,81,45,0.9925415949512335,0.9320388349514563,0.9411764705882353,0.9365853658536586,0.9326357855517639
510,db4,101,45,0.9879518072289156,0.8627450980392157,0.9263157894736842,0.8934010152284264,0.8876542803909991
511,db4,121,45,0.9896729776247849,0.8861788617886179,0.9646017699115044,0.9237288135593221,0.9191505975021064
512,db4,141,45,0.9931153184165232,0.9478260869565217,0.9478260869565217,0.9478260869565217,0.944140583271018
513,db4,161,45,0.9890992541594952,0.8556701030927835,0.9431818181818182,0.8972972972972973,0.8927344569242978
514,db4,181,45,0.9822145725760184,0.8103448275862069,0.912621359223301,0.8584474885844748,0.8507017213477239
515,db4,201,45,0.9902467010900746,0.9,0.9278350515463918,0.9137055837563451,0.9086564748177666
516,db4,221,45,0.9845094664371773,0.825,0.9428571428571428,0.88,0.8739805528329431
517,db4,241,45,0.9890992541594952,0.8981481481481481,0.9238095238095239,0.9107981220657277,0.905096118075508
518,db4,261,45,0.9873780837636259,0.8807339449541285,0.9142857142857143,0.8971962616822431,0.890651660596027
519,db4,281,45,0.9879518072289156,0.8695652173913043,0.898876404494382,0.8839779005524863,0.87775987406202
520,db4,301,45,0.9913941480206541,0.9099099099099099,0.9528301886792453,0.9308755760368664,0.9265693376814084
521,db4,321,45,0.9925415949512335,0.912621359223301,0.9591836734693877,0.9353233830845772,0.931693251274939
522,db4,341,45,0.985083189902467,0.8461538461538461,0.9252336448598131,0.8839285714285714,0.8769733083518423
523,db4,361,45,0.9890992541594952,0.8804347826086957,0.9101123595505618,0.8950276243093923,0.8894163475671103
524,db4,381,45,0.9902467010900746,0.9150943396226415,0.9238095238095239,0.9194312796208531,0.9142521973802102
525,db4,401,45,0.9919678714859438,0.9181818181818182,0.9528301886792453,0.9351851851851851,0.9310868537950637
526,db4,421,45,0.9925415949512335,0.9368421052631579,0.9270833333333334,0.9319371727748692,0.9280061518111197
527,db4,441,45,0.9890992541594952,0.908256880733945,0.9166666666666666,0.912442396313364,0.9066413003936338
528,db4,461,45,0.9942627653471027,0.9541284403669725,0.9541284403669725,0.9541284403669725,0.9510684648467767
529,db4,481,45,0.9885255306942053,0.9259259259259259,0.8928571428571429,0.9090909090909091,0.9031394471960462
530,db4,501,45,0.9873780837636259,0.8888888888888888,0.9056603773584906,0.897196261682243,0.8905173157054709
531,db4,521,45,0.9896729776247849,0.8952380952380953,0.9306930693069307,0.9126213592233011,0.9073289738029362
532,db4,541,45,0.9896729776247849,0.9009009009009009,0.9345794392523364,0.9174311926605505,0.9120999305554898
533,db4,561,45,0.9885255306942053,0.9009009009009009,0.9174311926605505,0.9090909090909092,0.9030102619263676
534,db4,581,45,0.9890992541594952,0.8936170212765957,0.9032258064516129,0.8983957219251337,0.8926508264527195
535,db4,601,45,0.9868043602983362,0.8041237113402062,0.9512195121951219,0.8715083798882682,0.8679954420698122
536,db4,621,45,0.9885255306942053,0.9019607843137255,0.9019607843137255,0.9019607843137255,0.895866939097394
537,db4,641,45,0.985083189902467,0.8365384615384616,0.90625,0.87,0.8628781614152851
538,db4,661,45,0.9896729776247849,0.9142857142857143,0.9142857142857143,0.9142857142857143,0.9087912087912088
539,db4,681,45,0.9873780837636259,0.8529411764705882,0.925531914893617,0.8877551020408163,0.8819049473578114
540,db4,701,45,0.9890992541594952,0.8494623655913979,0.9404761904761905,0.8926553672316385,0.8882039828161501
541,db4,721,45,0.9896729776247849,0.8602150537634409,0.9411764705882353,0.898876404494382,0.894450182029322
542,db4,741,45,0.9896729776247849,0.8849557522123894,0.9523809523809523,0.9174311926605505,0.9126305248610505
543,db4,761,45,0.9896729776247849,0.8791208791208791,0.9195402298850575,0.898876404494382,0.8936885551230517
544,db4,781,45,0.9931153184165232,0.9191919191919192,0.9578947368421052,0.9381443298969072,0.9347235804421969
545,db4,801,45,0.9902467010900746,0.898989898989899,0.9270833333333334,0.9128205128205129,0.9077767466049215
546,db4,821,45,0.9925415949512335,0.9245283018867925,0.9514563106796117,0.9377990430622011,0.9339417513766347
547,db4,841,45,0.9890992541594952,0.908256880733945,0.9166666666666666,0.912442396313364,0.9066413003936338
548,db4,861,45,0.9896729776247849,0.8818181818181818,0.9509803921568627,0.9150943396226415,0.9103397909898774
549,db4,881,45,0.9890992541594952,0.8773584905660378,0.9393939393939394,0.9073170731707318,0.9021271399780085
550,db4,901,45,0.9931153184165232,0.9213483146067416,0.9425287356321839,0.9318181818181818,0.9282597759231319
551,db4,921,45,0.9902467010900746,0.8640776699029126,0.967391304347826,0.9128205128205128,0.909296425894143
552,db4,941,45,0.9890992541594952,0.9038461538461539,0.912621359223301,0.9082125603864736,0.9024301565290203
553,db4,961,45,0.993689041881813,0.9247311827956989,0.9555555555555556,0.9398907103825136,0.9367015558749008
554,db4,981,45,0.9839357429718876,0.8571428571428571,0.8888888888888888,0.8727272727272727,0.8643198852502815
555,db4,1001,45,0.9931153184165232,0.91,0.9680851063829787,0.9381443298969071,0.9350043380260976
556,db4,1021,45,0.9931153184165232,0.9152542372881356,0.9818181818181818,0.9473684210526316,0.9443556825747925
557,db4,1041,45,0.9890992541594952,0.9038461538461539,0.912621359223301,0.9082125603864736,0.9024301565290203
558,db4,1061,45,0.9913941480206541,0.9423076923076923,0.9158878504672897,0.928909952606635,0.9244366548660448
559,db4,1081,45,0.9885255306942053,0.8771929824561403,0.9433962264150944,0.9090909090909091,0.9036566480951984
560,db4,1101,45,0.985083189902467,0.8020833333333334,0.9166666666666666,0.8555555555555556,0.8498292493747344
561,db4,1121,45,0.9879518072289156,0.8558558558558559,0.95,0.9004739336492892,0.895459542473342
562,db4,1141,45,0.9913941480206541,0.926605504587156,0.9351851851851852,0.9308755760368663,0.9262983055444389
563,db4,1161,45,0.9896729776247849,0.8775510204081632,0.9347826086956522,0.9052631578947369,0.9003099897812444
564,db4,1181,45,0.9890992541594952,0.8828828828828829,0.9423076923076923,0.9116279069767441,0.90637155412779
565,db4,1201,45,0.9908204245553643,0.9009009009009009,0.9523809523809523,0.925925925925926,0.9214410413150529
566,db4,1221,45,0.9868043602983362,0.9009009009009009,0.8928571428571429,0.8968609865470852,0.8898226212205935
567,db4,1241,45,0.9896729776247849,0.9099099099099099,0.926605504587156,0.9181818181818182,0.9127139436948996
568,db4,1261,45,0.9913941480206541,0.954954954954955,0.9137931034482759,0.9339207048458151,0.9295784792189188
569,db4,1281,45,0.9862306368330465,0.8679245283018868,0.9019607843137255,0.8846153846153846,0.877480237698866
570,db4,1301,45,0.985083189902467,0.8515625,0.9396551724137931,0.8934426229508198,0.8866839482038991
571,db4,1321,45,0.9942627653471027,0.9259259259259259,0.9803921568627451,0.9523809523809523,0.9497701106736748
572,db4,1341,45,0.9931153184165232,0.9230769230769231,0.96,0.9411764705882353,0.9377250369402301
573,db4,1361,45,0.9896729776247849,0.9038461538461539,0.9215686274509803,0.9126213592233009,0.9071823992742649
574,db4,1381,45,0.9908204245553643,0.9038461538461539,0.94,0.9215686274509804,0.9168944045561199
575,db4,1401,45,0.9919678714859438,0.9363636363636364,0.9363636363636364,0.9363636363636364,0.9320770472638201
576,db4,1421,45,0.9902467010900746,0.946236559139785,0.88,0.911917098445596,0.9074308262938935
577,db4,1441,45,0.9902467010900746,0.8899082568807339,0.9509803921568627,0.9194312796208531,0.91481700192088
578,db4,1461,45,0.9868043602983362,0.8461538461538461,0.9519230769230769,0.8959276018099548,0.890666733562569
579,db4,1481,45,0.9925415949512335,0.9375,0.9278350515463918,0.9326424870466321,0.9287088016263542
580,db4,1501,45,0.9919678714859438,0.9,0.9574468085106383,0.9278350515463918,0.9240822832374432
581,db4,1521,45,0.9879518072289156,0.8666666666666667,0.9285714285714286,0.896551724137931,0.890760424871898
582,db4,1541,45,0.9925415949512335,0.9196428571428571,0.9626168224299065,0.9406392694063926,0.9369403476583088
583,db4,1561,45,0.9948364888123924,0.9375,0.967741935483871,0.9523809523809523,0.9497856923823975
584,db4,1581,45,0.9879518072289156,0.8235294117647058,0.9655172413793104,0.888888888888889,0.8856834630045716
585,db4,1601,45,0.9902467010900746,0.9029126213592233,0.93,0.916256157635468,0.9111913587844164
586,db4,1621,45,0.9902467010900746,0.8636363636363636,0.9382716049382716,0.8994082840236687,0.8951407661948654
587,db4,1641,45,0.9890992541594952,0.9099099099099099,0.9181818181818182,0.914027149321267,0.908218579991109
588,db4,1661,45,0.9919678714859438,0.8936170212765957,0.9545454545454546,0.9230769230769231,0.9194007674175122
589,db4,1681,45,0.9873780837636259,0.8938053097345132,0.9099099099099099,0.9017857142857143,0.8950827066112115
590,db4,1701,45,0.9908204245553643,0.9032258064516129,0.9230769230769231,0.9130434782608696,0.9082583361146942
591,db4,1721,45,0.9896729776247849,0.9325842696629213,0.8736842105263158,0.9021739130434784,0.8972605720820122
592,db4,1741,45,0.9908204245553643,0.9401709401709402,0.9243697478991597,0.9322033898305084,0.9273190035134171
593,db4,1761,45,0.9908204245553643,0.911504424778761,0.944954128440367,0.9279279279279279,0.9231986110830935
594,db4,1781,45,0.9902467010900746,0.8932038834951457,0.9387755102040817,0.9154228855721394,0.9105685363261627
595,db4,1801,45,0.9919678714859438,0.9174311926605505,0.9523809523809523,0.9345794392523364,0.9304868150238703
596,db4,1821,45,0.9908204245553643,0.967741935483871,0.8737864077669902,0.9183673469387754,0.9148549199039884
597,db4,1841,45,0.993689041881813,0.9310344827586207,0.9418604651162791,0.9364161849710984,0.9331133075899886
598,db4,1861,45,0.9925415949512335,0.9038461538461539,0.9690721649484536,0.9353233830845771,0.9320076863049009
599,db4,1881,45,0.9913941480206541,0.9439252336448598,0.9181818181818182,0.9308755760368663,0.9263886275413242
600,db4,1901,45,0.9873780837636259,0.8440366972477065,0.9484536082474226,0.8932038834951457,0.8882239252403309
601,db4,1921,45,0.9896729776247849,0.8859649122807017,0.9528301886792453,0.9181818181818182,0.9133663779469389
602,db4,1941,45,0.993689041881813,0.9363636363636364,0.9626168224299065,0.9493087557603687,0.9460473100735057
603,db4,1961,45,0.9890992541594952,0.868421052631579,0.9611650485436893,0.9124423963133641,0.9079732437381361
604,db4,1981,45,0.9862306368330465,0.8611111111111112,0.9117647058823529,0.8857142857142858,0.8788008477922564
605,db4,2001,45,0.9879518072289156,0.85,0.9714285714285714,0.9066666666666667,0.9025510080850637
606,db4,1,50,0.9879518072289156,0.8777777777777778,0.8876404494382022,0.88268156424581,0.8763468028246602
607,db4,21,50,0.993689041881813,0.9139784946236559,0.9659090909090909,0.9392265193370166,0.9362984056190836
608,db4,41,50,0.9913941480206541,0.8771929824561403,0.9900990099009901,0.9302325581395348,0.9275916288582046
609,db4,61,50,0.9919678714859438,0.9183673469387755,0.9375,0.9278350515463918,0.9236378353062162
610,db4,81,50,0.9913941480206541,0.912621359223301,0.94,0.9261083743842364,0.9216539213728473
611,db4,101,50,0.9896729776247849,0.8823529411764706,0.9375,0.9090909090909091,0.9040884542735048
612,db4,121,50,0.9902467010900746,0.9024390243902439,0.9568965517241379,0.9288702928870294,0.9240964219337287
613,db4,141,50,0.9942627653471027,0.9739130434782609,0.9411764705882353,0.9572649572649573,0.9543511176661217
614,db4,161,50,0.9908204245553643,0.8762886597938144,0.9550561797752809,0.913978494623656,0.9100791287096027
615,db4,181,50,0.9833620195065979,0.8189655172413793,0.9223300970873787,0.8675799086757991,0.8604636151704496
616,db4,201,50,0.9890992541594952,0.9,0.9090909090909091,0.9045226130653266,0.8987551843281192
617,db4,221,50,0.9879518072289156,0.875,0.9459459459459459,0.9090909090909091,0.9034364251210908
618,db4,241,50,0.9919678714859438,0.9166666666666666,0.9519230769230769,0.9339622641509433,0.9298754269096943
619,db4,261,50,0.9885255306942053,0.8807339449541285,0.9320388349514563,0.9056603773584906,0.8999655261082901
620,db4,281,50,0.9885255306942053,0.8804347826086957,0.9,0.8901098901098902,0.8841168191193697
621,db4,301,50,0.9908204245553643,0.918918918918919,0.9357798165137615,0.9272727272727272,0.9224176254634315
622,db4,321,50,0.9913941480206541,0.9029126213592233,0.9489795918367347,0.9253731343283583,0.9211308938005508
623,db4,341,50,0.9868043602983362,0.8717948717948718,0.9272727272727272,0.8986784140969163,0.8921135917564768
624,db4,361,50,0.9908204245553643,0.9021739130434783,0.9222222222222223,0.9120879120879122,0.907306899339155
625,db4,381,50,0.9873780837636259,0.9339622641509434,0.868421052631579,0.9,0.893946918243458
626,db4,401,50,0.9925415949512335,0.9090909090909091,0.970873786407767,0.9389671361502346,0.9355730309110647
627,db4,421,50,0.9942627653471027,0.9473684210526315,0.9473684210526315,0.9473684210526315,0.9443344404701073
628,db4,441,50,0.9890992541594952,0.8990825688073395,0.9245283018867925,0.9116279069767442,0.9059206597853013
629,db4,461,50,0.9908204245553643,0.926605504587156,0.926605504587156,0.926605504587156,0.9217095437548426
630,db4,481,50,0.9913941480206541,0.9444444444444444,0.918918918918919,0.9315068493150684,0.9270154334313815
631,db4,501,50,0.9873780837636259,0.8796296296296297,0.9134615384615384,0.8962264150943395,0.8896888998592409
632,db4,521,50,0.9885255306942053,0.8857142857142857,0.9207920792079208,0.9029126213592233,0.8970085263826753
633,db4,541,50,0.9902467010900746,0.9009009009009009,0.9433962264150944,0.9216589861751152,0.9167383183933846
634,db4,561,50,0.9890992541594952,0.8828828828828829,0.9423076923076923,0.9116279069767441,0.90637155412779
635,db4,581,50,0.9908204245553643,0.9148936170212766,0.9148936170212766,0.9148936170212766,0.9100421919151517
636,db4,601,50,0.9868043602983362,0.8144329896907216,0.9404761904761905,0.8729281767955801,0.8685012470339809
637,db4,621,50,0.9890992541594952,0.8921568627450981,0.9191919191919192,0.9054726368159205,0.8998030051005969
638,db4,641,50,0.9868043602983362,0.8653846153846154,0.9090909090909091,0.8866995073891625,0.879999224768937
639,db4,661,50,0.9902467010900746,0.9142857142857143,0.9230769230769231,0.9186602870813396,0.9134845744189429
640,db4,681,50,0.9879518072289156,0.8823529411764706,0.9090909090909091,0.8955223880597014,0.8892427476323927
641,db4,701,50,0.9896729776247849,0.8494623655913979,0.9518072289156626,0.8977272727272727,0.8939090075522179
642,db4,721,50,0.9873780837636259,0.8494623655913979,0.9080459770114943,0.8777777777777779,0.8716695365923609
643,db4,741,50,0.9873780837636259,0.8495575221238938,0.9504950495049505,0.897196261682243,0.8920878240949786
644,db4,761,50,0.9885255306942053,0.8791208791208791,0.898876404494382,0.8888888888888888,0.8829006671729192
645,db4,781,50,0.9948364888123924,0.9494949494949495,0.9591836734693877,0.9543147208121828,0.9515921741450917
646,db4,801,50,0.9885255306942053,0.8787878787878788,0.9157894736842105,0.8969072164948454,0.891047016163854
647,db4,821,50,0.9925415949512335,0.9150943396226415,0.9603960396039604,0.9371980676328503,0.933543736604137
648,db4,841,50,0.9885255306942053,0.8899082568807339,0.9238095238095239,0.9065420560747663,0.9006104492029878
649,db4,861,50,0.9885255306942053,0.8909090909090909,0.9245283018867925,0.9074074074074073,0.901469112553607
650,db4,881,50,0.9890992541594952,0.8867924528301887,0.9306930693069307,0.9082125603864735,0.9027193739059207
651,db4,901,50,0.9919678714859438,0.9101123595505618,0.9310344827586207,0.9204545454545454,0.9162911349739444
652,db4,921,50,0.9913941480206541,0.8737864077669902,0.9782608695652174,0.923076923076923,0.920177941780292
653,db4,941,50,0.9885255306942053,0.9038461538461539,0.9038461538461539,0.9038461538461539,0.8977448725770873
654,db4,961,50,0.9919678714859438,0.9032258064516129,0.9438202247191011,0.9230769230769231,0.9190889182573593
655,db4,981,50,0.985083189902467,0.8571428571428571,0.9056603773584906,0.8807339449541285,0.8731607889337402
656,db4,1001,50,0.9942627653471027,0.93,0.96875,0.9489795918367346,0.9461626453108585
657,db4,1021,50,0.9931153184165232,0.9152542372881356,0.9818181818181818,0.9473684210526316,0.9443556825747925
658,db4,1041,50,0.9896729776247849,0.9038461538461539,0.9215686274509803,0.9126213592233009,0.9071823992742649
659,db4,1061,50,0.9896729776247849,0.9230769230769231,0.9056603773584906,0.9142857142857143,0.9088384105382538
660,db4,1081,50,0.9896729776247849,0.8859649122807017,0.9528301886792453,0.9181818181818182,0.9133663779469389
661,db4,1101,50,0.9839357429718876,0.8125,0.8863636363636364,0.8478260869565218,0.840248741059758
662,db4,1121,50,0.9868043602983362,0.8378378378378378,0.9489795918367347,0.8899521531100479,0.8849007232537605
663,db4,1141,50,0.9902467010900746,0.9174311926605505,0.9259259259259259,0.9216589861751153,0.9164698029690364
664,db4,1161,50,0.9902467010900746,0.8775510204081632,0.945054945054945,0.91005291005291,0.9055987191448768
665,db4,1181,50,0.9902467010900746,0.9009009009009009,0.9433962264150944,0.9216589861751152,0.9167383183933846
666,db4,1201,50,0.9919678714859438,0.9009009009009009,0.970873786407767,0.9345794392523364,0.9310456895387266
667,db4,1221,50,0.9879518072289156,0.9279279279279279,0.8879310344827587,0.9074889867841409,0.901298811377983
668,db4,1241,50,0.9890992541594952,0.9009009009009009,0.9259259259259259,0.91324200913242,0.9075243913142161
669,db4,1261,50,0.9896729776247849,0.9369369369369369,0.9043478260869565,0.9203539823008849,0.9149982420706816
670,db4,1281,50,0.9873780837636259,0.8679245283018868,0.92,0.8932038834951457,0.8869276156564806
671,db4,1301,50,0.9862306368330465,0.8671875,0.940677966101695,0.9024390243902438,0.8959018699140087
672,db4,1321,50,0.9913941480206541,0.9074074074074074,0.9514563106796117,0.9289099526066351,0.9246266959092408
673,db4,1341,50,0.9931153184165232,0.9230769230769231,0.96,0.9411764705882353,0.9377250369402301
674,db4,1361,50,0.9890992541594952,0.9038461538461539,0.912621359223301,0.9082125603864736,0.9024301565290203
675,db4,1381,50,0.9908204245553643,0.8942307692307693,0.9489795918367347,0.9207920792079209,0.9163801042524266
676,db4,1401,50,0.9919678714859438,0.9181818181818182,0.9528301886792453,0.9351851851851851,0.9310868537950637
677,db4,1421,50,0.9896729776247849,0.9354838709677419,0.8787878787878788,0.90625,0.9012841228623286
678,db4,1441,50,0.9902467010900746,0.8990825688073395,0.9423076923076923,0.92018779342723,0.915282922019127
679,db4,1461,50,0.9856569133677567,0.8205128205128205,0.96,0.8847926267281105,0.8802696998679855
680,db4,1481,50,0.9913941480206541,0.9166666666666666,0.9263157894736842,0.9214659685863874,0.9169278150011942
681,db4,1501,50,0.9919678714859438,0.9,0.9574468085106383,0.9278350515463918,0.9240822832374432
682,db4,1521,50,0.9885255306942053,0.8761904761904762,0.9292929292929293,0.9019607843137255,0.8963099666700642
683,db4,1541,50,0.9913941480206541,0.9196428571428571,0.944954128440367,0.9321266968325792,0.9276308524225386
684,db4,1561,50,0.9942627653471027,0.9375,0.9574468085106383,0.9473684210526315,0.944393324060761
685,db4,1581,50,0.9868043602983362,0.8333333333333334,0.9340659340659341,0.8808290155440415,0.8754628534703675
686,db4,1601,50,0.9913941480206541,0.9223300970873787,0.9313725490196079,0.9268292682926829,0.9222699939267577
687,db4,1621,50,0.9913941480206541,0.8977272727272727,0.9294117647058824,0.9132947976878613,0.9089199262236498
688,db4,1641,50,0.9913941480206541,0.9279279279279279,0.9363636363636364,0.9321266968325792,0.9275434410987552
689,db4,1661,50,0.9919678714859438,0.9042553191489362,0.9444444444444444,0.9239130434782609,0.9199175956773696
690,db4,1681,50,0.9873780837636259,0.8849557522123894,0.9174311926605505,0.9009009009009009,0.8943286404030377
691,db4,1701,50,0.9919678714859438,0.9139784946236559,0.9340659340659341,0.9239130434782609,0.9197342749025644
692,db4,1721,50,0.9890992541594952,0.9213483146067416,0.8723404255319149,0.8961748633879781,0.8907974556409989
693,db4,1741,50,0.9902467010900746,0.9145299145299145,0.9385964912280702,0.9264069264069265,0.9212742484949803
694,db4,1761,50,0.9908204245553643,0.9026548672566371,0.9532710280373832,0.9272727272727272,0.9227686701411324
695,db4,1781,50,0.9913941480206541,0.8932038834951457,0.9583333333333334,0.9246231155778895,0.9207064719178518
696,db4,1801,50,0.9913941480206541,0.9174311926605505,0.9433962264150944,0.9302325581395349,0.9257501174018502
697,db4,1821,50,0.9902467010900746,0.956989247311828,0.8725490196078431,0.9128205128205128,0.9087529411147203
698,db4,1841,50,0.9925415949512335,0.9080459770114943,0.9404761904761905,0.9239766081871346,0.9202129188082163
699,db4,1861,50,0.9925415949512335,0.9230769230769231,0.9504950495049505,0.9365853658536586,0.9327368118679614
700,db4,1881,50,0.9908204245553643,0.9345794392523364,0.9174311926605505,0.925925925925926,0.9210782796462861
701,db4,1901,50,0.9862306368330465,0.8256880733944955,0.9473684210526315,0.8823529411764707,0.8774096529155949
702,db4,1921,50,0.9902467010900746,0.9210526315789473,0.9292035398230089,0.9251101321585904,0.9199041292924666
703,db4,1941,50,0.9948364888123924,0.9545454545454546,0.963302752293578,0.958904109589041,0.956160699279272
704,db4,1961,50,0.9896729776247849,0.868421052631579,0.9705882352941176,0.9166666666666667,0.9127817922498679
705,db4,1981,50,0.9885255306942053,0.8796296296296297,0.9313725490196079,0.9047619047619048,0.8990777800440902
706,db4,2001,50,0.9885255306942053,0.8583333333333333,0.9716981132075472,0.911504424778761,0.9073865208074584
